id,category,site_type_normalized,site_type,hazard,cause,consequence,likelihood,consequence_level,risk_score,risk_level,residual_likelihood,residual_consequence_level,residual_risk_score,residual_risk_level,site_type_dropdown,standards_refs,control_elimination,control_substitution,control_engineering,control_administrative,control_ppe,std_SA_WZTM,std_AGTTM,std_AS1742_3,std_DIT_Field_Guide
RISK-0001,Traffic Control – Static,Static Lane Closure,Static lane closure (urban 50 km/h),Live traffic side-swipe into work area,Driver inattention; inadequate taper length; poor delineation,Serious injury to workers; vehicle damage,Possible,Extensive,12,High,Unlikely,Moderate,6,Moderate,Static Lane Closure,"['AGTTM P3', 'AGTTM P4', 'AGTTM P5', 'AGTTM P6', 'AGTTM P8', 'AGTTM P9', 'AGTTM P10', 'AS1742.3', 'SA WZTM v7.2']",Schedule full road closure off-peak where feasible; perform works from verge or behind permanent barrier.,Use remote/long‑handled tools to avoid workers in live lane; use truck‑mounted attenuator (TMA) instead of manual buffer vehicle.,Compliant taper length and cone spacing; portable barrier/Water‑filled barriers; TMA upstream; VMS advance warning; high‑intensity flashing arrow (A15) board.,Approved TMP/TGS; speed reduction to 40 km/h; prestart and spotter; night reflectivity checks; surveillance/inspections; driver warning signage sequence per standard.,"Class D/N hi‑vis, hard hat, Type 1 safety boots, eye/ear protection, gloves.",Section 5.5 (Components of a work site); Section 5.5.1 (Sign spacing – Dimension D); Sections 5.6.1–5.6.4 (Advance warning signs & distances); Section 6.2 (Speed limits at worksites; buffer/return signs),"Part 3 – Sections 3.2, 4.2, 5.2 (static worksite design and components); Part 3 – Sections 3.7 & 5.11 (queue management and warning); Part 9 – Sample Layouts (use aligned layout)",,"General p.4 (Dimension D table); Figure 2.1.1.1 (Multi‑lane undivided, merge taper); Figure 2.1.2.1 (Multi‑lane divided, merge taper)"
RISK-0002,Traffic Control – Static,Shoulder Works,Static shoulder works (rural 80 km/h),Run‑off road vehicle intrudes into shoulder work zone,High approach speed; limited shoulder width; no lateral protection,Severe injury/fatality,Possible,Significant,15,High,Unlikely,Extensive,8,Moderate,Shoulder Works,"['AGTTM P3', 'AGTTM P4', 'AGTTM P5', 'AGTTM P6', 'AGTTM P8', 'AGTTM P9', 'AGTTM P10', 'AS1742.3', 'SA WZTM v7.2']",Close lane rather than shoulder‑only if lateral clearance insufficient.,Shift work to off‑peak/low‑volume periods; pre‑fabricate offsite.,Longer advance warning; lane closure with taper; TMA; delineation with guide posts; portable barrier where feasible.,Pilot vehicle or temporary signals if alternating flow; enforce speed reduction; periodic police presence.,"Hi‑vis Class N, helmets, boots.",,,,
RISK-0003,Traffic Control – Mobile,Mobile Works,Mobile works (mowing/line marking),Rear‑end collision with mobile plant convoy,Insufficient advance warning; sudden speed differential,Multi‑vehicle crash,Likely,Moderate,12,High,Possible,Moderate,9,Moderate,Mobile Works – Short Duration,"['AGTTM P3', 'AGTTM P4', 'AGTTM P5', 'AGTTM P6', 'AGTTM P8', 'AGTTM P9', 'AGTTM P10', 'AS1742.3', 'SA WZTM v7.2']",Undertake at night/off‑peak when practicable.,Use shadow and protection vehicles with TMAs instead of single plant.,"Vehicle‑mounted signs, beacons, arrow board; buffer spacing; convoy with protective shadow; camera/radar rear sensors.",Mobile TGS; radio comms; pilot vehicle; max 25–40 km/h work speed; frequent repositioning and checks.,"Hi‑vis D/N, hearing/eye protection, gloves.",Section 8.3 (Mobile works); Sections 5.6.1–5.6.4 (Advance warning signs & distances); Section 5.6.5 (Avoiding end‑of‑queue collisions),Part 4 – Section 3 (mobile works principles incl. 3.8.x convoy methods); Part 9 – Sample Layouts (use aligned layout),,Section 5 (Mobile works); Section 6 (Frequently changing work area)
RISK-0004,Traffic Control – Intersections,Intersection Works,Intersection works with manual traffic control,Contradictory signals cause conflict crash,Flagger miscommunication; sightline obstruction; overlapping phases,High‑severity right‑angle crash,Possible,Significant,15,High,Unlikely,Extensive,8,Moderate,Intersection – Manual Control,"['AGTTM P3', 'AGTTM P4', 'AGTTM P5', 'AGTTM P6', 'AGTTM P8', 'AGTTM P9', 'AGTTM P10', 'AS1742.3', 'SA WZTM v7.2']",Temporary signal control or full closure with detour instead of manual control where feasible.,Use Portaboom/eStop portable signals instead of hand STOP/SLOW in complex intersections.,Additional advance warning signs; STOP line marking; sightline clearance; lighting at night.,Two‑way radios with dedicated channel; controller training and rotation; controller supervisor; rehearsed hand signals.,"Hi‑vis Class N with retroreflective STOP/SLOW bat, helmet with chin strap.",,,,
RISK-0005,Environment & Lighting,Night Works,Night works on multilane urban road,Reduced visibility and glare,Inadequate task lighting; headlight glare; dark clothing of pedestrians,Strike of worker/pedestrian,Likely,Extensive,16,High,Possible,Moderate,9,Moderate,Night Works,"['AGTTM P3', 'AGTTM P4', 'AGTTM P5', 'AGTTM P6', 'AGTTM P8', 'AGTTM P9', 'AGTTM P10', 'AS1742.3', 'SA WZTM v7.2']",Day works if achievable without undue impact.,Use LED low‑glare tower lights with shields; high‑retroreflective garments (Class N).,Continuous delineation; retroreflective devices; temporary barrier; glare shields; anti‑skid mats.,Night visibility audit; staged closures; traffic monitoring camera; slower speed zone.,"Hi‑vis Class N, eye protection (tinted as required).",,,,
RISK-0006,Vulnerable Road Users,Pedestrian Management,Footpath closure & pedestrian detour,Pedestrian struck entering live lane,Closure with no safe alternate path; poor wayfinding; mobility needs ignored,Serious injury,Possible,Extensive,12,High,Unlikely,Moderate,6,Moderate,Pedestrian Management,"['AGTTM P3', 'AGTTM P4', 'AGTTM P5', 'AGTTM P6', 'AGTTM P8', 'AGTTM P9', 'AGTTM P10', 'AS1742.3', 'SA WZTM v7.2']",Avoid closing footpath; complete works from carriageway behind barrier where possible.,Install temporary protected walkway or bridge instead of detour into carriageway.,Continuous fencing/hoarding; kerb ramps; tactile indicators; lighting; barriers separating from traffic.,Accessible route assessment; clear signage; crossing guard where needed; notify community and property owners.,Hi‑vis for marshals.,Section 5.5 (Components of a work site); Sections 5.6.1–5.6.4 (Advance warning signs & distances),"Part 10 – Supporting guidance (risk, audits, events, emergency works)",,Section 4 (Pedestrian detours and not diverting onto road)
RISK-0007,Vulnerable Road Users,Cyclist Management,Bicycle route near works,Cyclist falls or is sideswiped,Debris; narrowed lane; sudden merge,Injury,Possible,Moderate,9,Moderate,Unlikely,Moderate,6,Moderate,Cyclist Management,"['AGTTM P3', 'AGTTM P4', 'AGTTM P5', 'AGTTM P6', 'AGTTM P8', 'AGTTM P9', 'AGTTM P10', 'AS1742.3', 'SA WZTM v7.2']",Close lane fully and provide protected detour rather than squeeze.,Provide alternate off‑road shared path detour.,Minimum residual lane widths; physical separator; sweep debris; ramp transitions.,Detour mapping; advance notices; reduced speed; marshal during peaks.,N/A (public).,Section 5.5 (Components of a work site); Sections 5.6.1–5.6.4 (Advance warning signs & distances),"Part 10 – Supporting guidance (risk, audits, events, emergency works)",,Section 4 (Pedestrian detours and not diverting onto road)
RISK-0008,Plant & Equipment,Plant Movement,Plant reversing inside work zone,Worker struck by reversing plant,Blind spots; no spotter; alarms masked by noise,Severe injury/fatality,Possible,Significant,15,High,Rare,Extensive,4,Low,Plant & Equipment,"['AGTTM P3', 'AGTTM P4', 'AGTTM P5', 'AGTTM P6', 'AGTTM P8', 'AGTTM P9', 'AGTTM P10', 'AS1742.3', 'SA WZTM v7.2']",Design one‑way circulation to avoid reversing.,Use plant with 360° cameras/sensors; quick‑hitches to avoid people in close proximity.,Physical exclusion zones; bollards; wheel stops; reversing cameras and white‑noise alarms.,Dedicated spotter; exclusion training; permit to work; marshal for public interfaces.,"Hi‑vis, helmets, boots, gloves, eye/ear protection.",,,,
RISK-0009,Plant & Equipment,Loading/Unloading,Loading/unloading materials at curb,Forklift conflict with traffic/pedestrians,No separation; narrow verge; time pressure,Injury to public/crew,Possible,Moderate,9,Moderate,Unlikely,Moderate,6,Moderate,Plant & Equipment,"['AGTTM P3', 'AGTTM P4', 'AGTTM P5', 'AGTTM P6', 'AGTTM P8', 'AGTTM P9', 'AGTTM P10', 'AS1742.3', 'SA WZTM v7.2']",Deliver off‑street; schedule outside peak and school hours.,Use crane truck to lift over barrier from safe side.,Temporary barrier/zone; traffic controller; fencing; exclusion tape not relied on solely.,Spotter; SWMS; communication plan; load securing verification.,"Hi‑vis, gloves, boots, helmets.",,,,
RISK-0010,Plant & Equipment,Hot Works,Use of hot works / cutting near traffic,"Fire, burns, or driver distraction",Sparks to vegetation/materials; inadequate shields,Burns/property damage,Unlikely,Extensive,8,Moderate,Rare,Moderate,3,Low,Plant & Equipment,"['AGTTM P3', 'AGTTM P4', 'AGTTM P5', 'AGTTM P6', 'AGTTM P8', 'AGTTM P9', 'AGTTM P10', 'AS1742.3', 'SA WZTM v7.2']",Prefabricate offsite to avoid hot works.,Cold‑cutting methods where feasible.,"Fire blankets, spark guards, extinguishers; non‑combustible screens.",Hot‑work permit; fire watch; weather (Total Fire Ban) check.,"FR clothing, gloves, face shield.",,,,
RISK-0011,Signs & Devices,Device Deployment,Signage setup/removal in live lane,Worker struck during placement,No upstream protection; inadequate gap acceptance,Severe injury,Likely,Extensive,16,High,Possible,Moderate,9,Moderate,Signs & Devices,"['AGTTM P3', 'AGTTM P4', 'AGTTM P5', 'AGTTM P6', 'AGTTM P8', 'AGTTM P9', 'AGTTM P10', 'AS1742.3', 'SA WZTM v7.2']",Install from shoulder/median with reach tools where possible.,Deploy from shadow vehicle with TMA rather than on foot.,"Arrow board, beacons, taper established from safe end; use of signs on vehicle‑mounted frames.",Method statement for order of install/removal; lookouts; radio comms; gap selection rules.,"Hi‑vis N, helmet, boots, gloves.",,,,
RISK-0012,Signs & Devices,Portable Signals,Portable traffic signals failure,Both directions receive go / loss of control,Power/battery failure; config error; comms drop,Head‑on collision,Unlikely,Significant,10,High,Rare,Extensive,4,Low,Intersection – Portable Signals/Portaboom,"['AGTTM P3', 'AGTTM P4', 'AGTTM P5', 'AGTTM P6', 'AGTTM P8', 'AGTTM P9', 'AGTTM P10', 'AS1742.3', 'SA WZTM v7.2']",Manual control only if signals are unreliable for site conditions.,Use cable‑linked systems or Portaboom with interlocks.,Dual battery supply; fail‑safe to red; regular self‑test; backup generator.,Daily function tests; log sheets; technician on call; contingency plan to STOP/SLOW.,For controllers as above.,Section 9.8 (Operating portable traffic signals),Part 3 – Section 5.10 (portable signals at static sites); Part 6 – Section 2.1 (install/operate/remove; on‑site risk assessment & records),Clause 4.7.4 (Portable traffic signals – sight distance and speed),
RISK-0013,General,High‑speed road (100 km/h) shoulder/lane closure,High‑speed road (100 km/h) shoulder/lane closure,Errant vehicle penetrates work zone,High kinetic energy; driver non‑compliance,Catastrophic injury/fatality,Possible,Significant,15,High,Unlikely,Significant,10,High,General,"['AGTTM P3', 'AGTTM P4', 'AGTTM P5', 'AGTTM P6', 'AGTTM P8', 'AGTTM P9', 'AGTTM P10', 'AS1742.3', 'SA WZTM v7.2']",Full closure or off‑road works via ramps/median crossovers.,Move works to lower‑speed parallel road or off‑peak night with escort.,"TMA(s), barriers, extended advance warning sequence, rumble devices, speed enforcement trailer.",Stakeholder liaison (police/road authority); incident response plan; queue monitoring.,"Highest‑grade hi‑vis N, helmets.",,,,
RISK-0014,Environment & Weather,Adverse Weather,Adverse weather (rain/wind) during works,Loss of control; device blow‑over; visibility loss,"Storms, gusts > device rating",Crashes or struck workers,Possible,Moderate,9,Moderate,Unlikely,Moderate,6,Moderate,Environment & Weather,"['AGTTM P3', 'AGTTM P4', 'AGTTM P5', 'AGTTM P6', 'AGTTM P8', 'AGTTM P9', 'AGTTM P10', 'AS1742.3', 'SA WZTM v7.2']",Suspend works during severe weather warnings.,Switch to off‑carriageway tasks under shelter.,Ballast/water‑filled barriers; additional anchoring; anti‑skid mats; lighting for low visibility.,Weather monitoring; wind thresholds for device removal; stop‑work criteria.,"Wet‑weather gear, insulated gloves as needed.",,,,
RISK-0015,Health & Hygiene,Heat Stress,Heat stress (day works),Heat exhaustion/illness,"High temp, radiant heat from asphalt/plant",Medical emergency,Possible,Moderate,9,Moderate,Unlikely,Negligible,4,Low,Health & Hygiene,"['AGTTM P3', 'AGTTM P4', 'AGTTM P5', 'AGTTM P6', 'AGTTM P8', 'AGTTM P9', 'AGTTM P10', 'AS1742.3', 'SA WZTM v7.2']",Reschedule to cooler periods.,Shade structures; misting fans; cool PPE options.,Insulated handles; canopies on plant; cool rooms.,Work/rest regimen; hydration protocol; acclimatisation; buddy system.,"Lightweight hi‑vis, cooling neck wraps, sunscreen.",,,,
RISK-0016,Environment & Weather,Visibility & Air Quality,Dust/smoke from cutting or surroundings,Visibility loss / respiratory issues,Dry cutting; nearby fire; wind,Traffic crash; worker illness,Unlikely,Extensive,8,Moderate,Rare,Moderate,3,Low,Environment & Weather,"['AGTTM P3', 'AGTTM P4', 'AGTTM P5', 'AGTTM P6', 'AGTTM P8', 'AGTTM P9', 'AGTTM P10', 'AS1742.3', 'SA WZTM v7.2']",Wet cutting or offsite fabrication.,Use vacuum extraction tools.,Water carts; dust screens; negative‑pressure hoods for tools.,Weather checks; local notifications; stop‑work triggers when visibility below threshold.,"Respirators P2/P3, eye protection.",,,,
RISK-0017,Access & Detours,Property Access,Property/business access across work zone,Turning conflicts and unexpected U‑turns,Poor detour design/signage; long delays,Side‑impact collisions,Possible,Moderate,9,Moderate,Unlikely,Moderate,6,Moderate,Property Access/Detours,"['AGTTM P3', 'AGTTM P4', 'AGTTM P5', 'AGTTM P6', 'AGTTM P8', 'AGTTM P9', 'AGTTM P10', 'AS1742.3', 'SA WZTM v7.2']",Provide temporary rear/side access to remove turning movements in work area.,Timed access windows supervised by controllers.,Protected right‑turn bays; median openings; temporary signals.,Access permits; stakeholder comms; driveway marshals.,Hi‑vis for marshals.,,,,
RISK-0018,Access & Detours,Detours,Detour route confusion,Wrong‑way entry / sudden braking,Insufficient wayfinding; inconsistent arrows,Crashes on detour,Possible,Moderate,9,Moderate,Unlikely,Negligible,4,Low,Property Access/Detours,"['AGTTM P3', 'AGTTM P4', 'AGTTM P5', 'AGTTM P6', 'AGTTM P8', 'AGTTM P9', 'AGTTM P10', 'AS1742.3', 'SA WZTM v7.2']",Simplify detour to few turns; avoid complex grids.,Use VMS with live updates instead of static only.,Oversized detour signs; pavement arrows; barriers to block wrong‑way entries.,Pre‑drive and test detour; community info; GPS map submission.,N/A,,,,
RISK-0019,Capacity & Queues,Queue Management,Queue back into upstream intersection,Rear‑end crashes in approach,Insufficient capacity; poor timing,Injury and severe congestion,Likely,Moderate,12,High,Possible,Moderate,9,Moderate,Queue & Speed Management,"['AGTTM P3', 'AGTTM P4', 'AGTTM P5', 'AGTTM P6', 'AGTTM P8', 'AGTTM P9', 'AGTTM P10', 'AS1742.3', 'SA WZTM v7.2']",Stagger works or split into shorter stages.,Temporary signal retiming or manual control during peaks.,Queue warning signs/VMS; detectors; extend storage lengths with cones.,Active monitoring; open additional lanes dynamically; police assistance.,N/A,,,,
RISK-0020,General,Speed non‑compliance through worksite,Speed non‑compliance through worksite,Excess approach speed,Poor sign conspicuity; enforcement absent,Worker struck / crash severity increased,Likely,Extensive,16,High,Possible,Moderate,9,Moderate,General,"['AGTTM P3', 'AGTTM P4', 'AGTTM P5', 'AGTTM P6', 'AGTTM P8', 'AGTTM P9', 'AGTTM P10', 'AS1742.3', 'SA WZTM v7.2']",Close road or provide alternate route to remove exposure.,Speed camera trailer; temporary chicanes/rumble strips (where permitted).,High‑visibility repeated speed signs; narrow lane with cones; barriers; TMA.,"Police liaison; publicity; graduated reductions (e.g., 80→60→40).",Hi‑vis N.,,,,
RISK-0021,Security & Public,Public Interaction,Aggressive public interaction,Violence towards crew / distraction,"Delays, access disputes, intoxication","Injury, loss of control of site",Possible,Moderate,9,Moderate,Unlikely,Negligible,4,Low,Security & Public,"['AGTTM P3', 'AGTTM P4', 'AGTTM P5', 'AGTTM P6', 'AGTTM P8', 'AGTTM P9', 'AGTTM P10', 'AS1742.3', 'SA WZTM v7.2']",Remote customer service line; avoid direct confrontations at site.,Security patrols; barriers to separate public from crew.,CCTV or body‑cams where lawful; secure fencing.,Communication plan; escalation protocol; police call‑out criteria.,"Hi‑vis, body‑cams where approved.",,,,
RISK-0022,Security & Public,Security of Devices,Theft/vandalism of devices,Loss of critical signs/barriers,Unattended overnight; remote location,Site becomes non‑compliant; crash risk increases,Possible,Moderate,9,Moderate,Unlikely,Moderate,6,Moderate,Security & Public,"['AGTTM P3', 'AGTTM P4', 'AGTTM P5', 'AGTTM P6', 'AGTTM P8', 'AGTTM P9', 'AGTTM P10', 'AS1742.3', 'SA WZTM v7.2']",Remove non‑essential devices overnight.,Tamper‑resistant hardware; GPS‑tagged assets.,Lockable bases; anti‑lift designs; lighting.,After‑hours inspections; security patrol; inventory logs.,N/A,,,,
RISK-0023,Utilities & Excavation,Excavation,Excavation near traffic,Vehicle enters excavation / worker fall,Insufficient barriers; narrow verge,Serious injury/fatality,Unlikely,Significant,10,High,Rare,Extensive,4,Low,Utilities & Excavation,"['AGTTM P3', 'AGTTM P4', 'AGTTM P5', 'AGTTM P6', 'AGTTM P8', 'AGTTM P9', 'AGTTM P10', 'AS1742.3', 'SA WZTM v7.2']",Trenchless methods; off‑road compound.,Steel plates when unattended instead of open trench.,Rigid barriers; edge protection; pit lids; guardrails.,Dial‑before‑you‑dig; permit to excavate; inspection regime.,Fall‑protection PPE as needed.,,,,
RISK-0024,Utilities & Excavation,Overhead Services,Overhead services proximity,Plant strikes powerlines,Boom reach; poor spotting; no exclusion,Electrocution/fatality,Unlikely,Significant,10,High,Rare,Significant,5,Moderate,Utilities & Excavation,"['AGTTM P3', 'AGTTM P4', 'AGTTM P5', 'AGTTM P6', 'AGTTM P8', 'AGTTM P9', 'AGTTM P10', 'AS1742.3', 'SA WZTM v7.2']",De‑energise/insulate lines or relocate works.,Use shorter‑reach plant; spotter with height limiter device.,Physical height limiters; tiger tails; barriers for no‑go zones.,No‑go zone permit; power authority liaison; exclusion training.,Dielectric gloves/boots if required by authority.,,,,
RISK-0025,Emergency & Continuity,Emergency Access,Emergency vehicle access through site,Delay or collision during passage,Insufficient gaps; blocked shoulders,Secondary crashes; response delay,Unlikely,Extensive,8,Moderate,Rare,Moderate,3,Low,Emergency & Continuity,"['AGTTM P3', 'AGTTM P4', 'AGTTM P5', 'AGTTM P6', 'AGTTM P8', 'AGTTM P9', 'AGTTM P10', 'AS1742.3', 'SA WZTM v7.2']",Maintain clear emergency lane at planning stage.,Rapid‑removable devices; swing‑gates in barriers.,Wider tapers; emergency pull‑outs.,Protocol with emergency services; radio call code; drill practice.,N/A,,,,
RISK-0026,Emergency & Continuity,Crew Communications,Communication failure among crew,Conflicting instructions; unsafe entry,Radio dead batteries; no common channel,Crash or worker injury,Possible,Moderate,9,Moderate,Unlikely,Moderate,6,Moderate,Emergency & Continuity,"['AGTTM P3', 'AGTTM P4', 'AGTTM P5', 'AGTTM P6', 'AGTTM P8', 'AGTTM P9', 'AGTTM P10', 'AS1742.3', 'SA WZTM v7.2']",Hard‑wired cabled signals where suitable instead of radio reliance.,Dedicated simplex repeaters; spare radios.,Hands‑free headsets; recording systems.,Radio checks; channel discipline; backup hand signals; comms plan.,N/A,,,,
RISK-0027,Health & Hygiene,Slips/Trips,Slip/trip on uneven surfaces,Falls at work area or pedestrian route,Hoses/cables; broken pavement; debris,Sprains/fractures,Possible,Moderate,9,Moderate,Unlikely,Negligible,4,Low,Health & Hygiene,"['AGTTM P3', 'AGTTM P4', 'AGTTM P5', 'AGTTM P6', 'AGTTM P8', 'AGTTM P9', 'AGTTM P10', 'AS1742.3', 'SA WZTM v7.2']",Route cables overhead or off the path.,Cable trays/ramps instead of loose leads.,Maintain even surfaces; temporary ramps; housekeeping.,Walk‑through inspections; lighting; signage.,"Slip‑resistant boots, gloves.",,,,
RISK-0028,Health & Hygiene,Illness & Biohazards,Biohazard/COVID‑like illness risk at worksite interface,Transmission among crew/public,Close proximity; shared tools/vehicles,Illness/outage,Unlikely,Moderate,6,Moderate,Rare,Negligible,2,Low,Health & Hygiene,"['AGTTM P3', 'AGTTM P4', 'AGTTM P5', 'AGTTM P6', 'AGTTM P8', 'AGTTM P9', 'AGTTM P10', 'AS1742.3', 'SA WZTM v7.2']",Remote meetings; electronic permits; contactless deliveries.,Staggered shifts/crews; separate vehicles.,Screens in vehicles; touch‑free dispensers.,Hygiene protocols; exclusion if symptomatic; cleaning logs.,Gloves; masks per guidance.,,,,
RISK-0029,Capacity & Queues,Queue Management,Level crossing queue back from site,Vehicle trapped on tracks,Detour/timing causes spillback,Catastrophic collision,Rare,Significant,5,Moderate,Rare,Extensive,4,Low,Queue & Speed Management,"['AGTTM P3', 'AGTTM P4', 'AGTTM P5', 'AGTTM P6', 'AGTTM P8', 'AGTTM P9', 'AGTTM P10', 'AS1742.3', 'SA WZTM v7.2']",Re‑route to avoid level crossing influence.,Temporary signal coordination with rail timings.,Do‑not‑queue markers; barriers to prevent blocking.,Rail operator liaison; active monitoring; stop‑work if queues approach crossing.,N/A,,,,
RISK-0030,Rail/Bridge/Tunnel,Tunnels & Bridges,Tunnel/bridge restricted clearance,Over‑height strike or congestion,Detour with low clearance; poor signing,Severe crash/closure,Unlikely,Extensive,8,Moderate,Rare,Moderate,3,Low,Rail/Bridge/Tunnel,"['AGTTM P3', 'AGTTM P4', 'AGTTM P5', 'AGTTM P6', 'AGTTM P8', 'AGTTM P9', 'AGTTM P10', 'AS1742.3', 'SA WZTM v7.2']",Choose detour without restrictions.,Escort over‑dimension vehicles via alternate route/time.,Advance over‑height detection; overhead gantries with signs.,Permit checks; pre‑notification to freight industry.,N/A,,,,
RISK-0031,Traffic Control – Intersections,Intersection Works,Roundabout works with manual control,Circulating conflicts / mis-signalling,Complex lanes; controller visibility issues,Right-angle/side-swipe crashes,Possible,Extensive,12,High,Unlikely,Moderate,6,Moderate,Intersection – Manual Control,"['AGTTM P3', 'AGTTM P4', 'AGTTM P5', 'AGTTM P6', 'AGTTM P8', 'AGTTM P9', 'AGTTM P10', 'AS1742.3', 'SA WZTM v7.2']",Use portable signals/Portaboom where feasible; or close approaches sequentially.,Off-peak only; split into legs.,Additional advance warning; STOP bars; chevron boards; lighting.,Two-controller minimum; radio checks; briefing and relief rotations.,"Hi-vis Class N, helmets.",,,,
RISK-0032,Vulnerable Road Users,Pedestrian Management,School zone adjacent to works,Child pedestrian unpredictability,Peak school times; parked cars obscure sight,Severe injury,Likely,Extensive,16,High,Unlikely,Moderate,6,Moderate,Pedestrian Management,"['AGTTM P3', 'AGTTM P4', 'AGTTM P5', 'AGTTM P6', 'AGTTM P8', 'AGTTM P9', 'AGTTM P10', 'AS1742.3', 'SA WZTM v7.2']",Reschedule works outside pick-up/drop-off; avoid footpath closure.,Temporary supervised crossing away from site.,Continuous fencing; 30/25 km/h buffer; portable speed humps where allowed.,School liaison; marshals; letters to parents; extra signage.,Hi-vis for marshals.,Section 5.5 (Components of a work site); Sections 5.6.1–5.6.4 (Advance warning signs & distances),"Part 10 – Supporting guidance (risk, audits, events, emergency works)",,Section 4 (Pedestrian detours and not diverting onto road)
RISK-0033,Access & Detours,Property Access,Bus stop relocation near worksite,Passengers entering live lane,Poorly sited temporary stop; no platform,Pedestrian struck,Possible,Moderate,9,Moderate,Unlikely,Negligible,4,Low,Property Access/Detours,"['AGTTM P3', 'AGTTM P4', 'AGTTM P5', 'AGTTM P6', 'AGTTM P8', 'AGTTM P9', 'AGTTM P10', 'AS1742.3', 'SA WZTM v7.2']",Suspend stop or move beyond conflict area.,Use adjacent side street with safe platform.,Barrier to live lane; kerb ramps; lighting and signage.,PT operator coordination; notices; marshals at peaks.,Hi-vis for marshals.,,,,
RISK-0034,Traffic Control – Mobile,Mobile Works,Convoy line-marking on multilane road,Lane change conflicts into work convoy,Insufficient arrow board visibility; short gaps,Multi-vehicle crash,Likely,Moderate,12,High,Possible,Moderate,9,Moderate,Mobile Works – Convoy,"['AGTTM P3', 'AGTTM P4', 'AGTTM P5', 'AGTTM P6', 'AGTTM P8', 'AGTTM P9', 'AGTTM P10', 'AS1742.3', 'SA WZTM v7.2']",Do works under full closure where possible.,Use two shadow vehicles with TMAs and extended buffer.,Dual arrow boards; radar speed display trailer.,Dynamic monitoring; police liaison; media alerts.,Hi-vis D/N.,Section 8.3 (Mobile works); Sections 5.6.1–5.6.4 (Advance warning signs & distances); Section 5.6.5 (Avoiding end‑of‑queue collisions),Part 4 – Section 3 (mobile works principles incl. 3.8.x convoy methods); Part 9 – Sample Layouts (use aligned layout),,Section 5 (Mobile works); Section 6 (Frequently changing work area)
RISK-0035,Signs & Devices,Device Deployment,VMS placement blocks sight distance,Drivers miss signal/merge point,Poor siting on curve/crest,Side-impact crashes,Possible,Moderate,9,Moderate,Unlikely,Negligible,4,Low,Signs & Devices,"['AGTTM P3', 'AGTTM P4', 'AGTTM P5', 'AGTTM P6', 'AGTTM P8', 'AGTTM P9', 'AGTTM P10', 'AS1742.3', 'SA WZTM v7.2']",Remove VMS where not essential.,Relocate to upstream tangent; use static signs where better.,Minimum sight distance tables; lighting; mast height adjustments.,Siting checklist; engineer sign-off; night check.,N/A,,,,
RISK-0036,Utilities & Excavation,Excavation,Temporary barrier end treatment hazard,End terminal not protected,Space limited; impact exposure,High-severity impact,Unlikely,Significant,10,High,Rare,Extensive,4,Low,Utilities & Excavation,"['AGTTM P3', 'AGTTM P4', 'AGTTM P5', 'AGTTM P6', 'AGTTM P8', 'AGTTM P9', 'AGTTM P10', 'AS1742.3', 'SA WZTM v7.2']",Avoid barrier if end cannot be protected; use closure instead.,Use crash-cushion or sand barrels.,Shield ends with TMA; flare away from traffic; delineation.,Design approval; daily inspections.,N/A,,,,
RISK-0037,Environment & Weather,Adverse Weather,Flash flooding through site,Devices displaced; loss of control,Storm drains blocked; low-lying site,Multi-vehicle crashes,Possible,Extensive,12,High,Unlikely,Moderate,6,Moderate,Environment & Weather,"['AGTTM P3', 'AGTTM P4', 'AGTTM P5', 'AGTTM P6', 'AGTTM P8', 'AGTTM P9', 'AGTTM P10', 'AS1742.3', 'SA WZTM v7.2']",Defer works when flood warnings issued.,Relocate work compound to higher ground.,Extra drainage; sandbags; heavy bases; flood signage.,Weather watch; pump on standby; stop-work triggers.,Wet-weather PPE.,,,,
RISK-0038,Health & Hygiene,Illness & Biohazards,Asphalt fumes exposure,Respiratory irritation,Poor ventilation; stagnant air pockets,Illness / lost time,Possible,Moderate,9,Moderate,Unlikely,Negligible,4,Low,Health & Hygiene,"['AGTTM P3', 'AGTTM P4', 'AGTTM P5', 'AGTTM P6', 'AGTTM P8', 'AGTTM P9', 'AGTTM P10', 'AS1742.3', 'SA WZTM v7.2']",Cold asphalt where feasible or precast.,Low-fume products.,Local extraction; fans; layout to avoid fumes drifting to public.,Exposure time limits; hygiene; SDS briefing.,Respirators as required.,,,,
RISK-0039,Capacity & Queues,Speed Compliance,Rural night works with wildlife,Sudden braking for animals,High fauna activity; glare,Rear-end or loss of control,Possible,Moderate,9,Moderate,Unlikely,Moderate,6,Moderate,Queue & Speed Management,"['AGTTM P3', 'AGTTM P4', 'AGTTM P5', 'AGTTM P6', 'AGTTM P8', 'AGTTM P9', 'AGTTM P10', 'AS1742.3', 'SA WZTM v7.2']",Avoid night works during peak migration seasons.,Detour to lit routes.,Wildlife warning signs; lower speed; spotlighting.,Local wildlife authority alerts; patrol vehicle.,N/A,,,,
RISK-0040,Emergency & Continuity,Emergency Access,Over-dimensional vehicle passage,Site not compatible with OD vehicles,Barriers narrow; low gantries,Strikes/closure,Unlikely,Extensive,8,Moderate,Rare,Moderate,3,Low,Emergency & Continuity,"['AGTTM P3', 'AGTTM P4', 'AGTTM P5', 'AGTTM P6', 'AGTTM P8', 'AGTTM P9', 'AGTTM P10', 'AS1742.3', 'SA WZTM v7.2']",Schedule OD movements outside work period.,Alternate route for OD vehicles.,Removable barrier sections; collapsible signs; extra width at pinch points.,Permit checks; OD escort coordination.,N/A,,,,
RISK-0041,Traffic Control – Static,Static Lane Closure,Curve with limited sight distance,Late braking into taper,Crest/curve hides taper,Rear-end/side-swipe,Likely,Moderate,12,High,Possible,Moderate,9,Moderate,Static Lane Closure,"['AGTTM P3', 'AGTTM P4', 'AGTTM P5', 'AGTTM P6', 'AGTTM P8', 'AGTTM P9', 'AGTTM P10', 'AS1742.3', 'SA WZTM v7.2']",Relocate work beyond curve/crest.,Use detour instead of partial lane closure.,Advance warning extended; rumble devices; additional beacons.,Siting audit; night check; speed enforcement.,N/A,Section 5.5 (Components of a work site); Section 5.5.1 (Sign spacing – Dimension D); Sections 5.6.1–5.6.4 (Advance warning signs & distances); Section 6.2 (Speed limits at worksites; buffer/return signs),"Part 3 – Sections 3.2, 4.2, 5.2 (static worksite design and components); Part 3 – Sections 3.7 & 5.11 (queue management and warning); Part 9 – Sample Layouts (use aligned layout)",,"General p.4 (Dimension D table); Figure 2.1.1.1 (Multi‑lane undivided, merge taper); Figure 2.1.2.1 (Multi‑lane divided, merge taper)"
RISK-0042,Traffic Control – Static,Shoulder Works,Shoulder drop-off hazard after excavation,Loss of control,Depth >100mm without ramping,Vehicle crash,Possible,Moderate,9,Moderate,Unlikely,Moderate,6,Moderate,Shoulder Works,"['AGTTM P3', 'AGTTM P4', 'AGTTM P5', 'AGTTM P6', 'AGTTM P8', 'AGTTM P9', 'AGTTM P10', 'AS1742.3', 'SA WZTM v7.2']",Avoid excavation; use plates.,Stage works to maintain level shoulder.,Tapers/ramps; barriers; warning signs NEXT XX km.,Daily inspection; immediate repair triggers.,N/A,,,,
RISK-0043,Plant & Equipment,Plant Movement,Plant crossing live lanes,Collision at crossing point,No controller; poor gaps,High severity crash,Possible,Extensive,12,High,Unlikely,Moderate,6,Moderate,Plant & Equipment,"['AGTTM P3', 'AGTTM P4', 'AGTTM P5', 'AGTTM P6', 'AGTTM P8', 'AGTTM P9', 'AGTTM P10', 'AS1742.3', 'SA WZTM v7.2']",Eliminate crossing by re-sequencing works.,Temporary access road behind barrier.,Controller-managed crossing with signals; TMAs.,Crossing SOP; radio comms; spotters.,"Hi-vis, helmets.",,,,
RISK-0044,Signs & Devices,Device Deployment,Cone line drift due to wind/traffic blast,Lane narrows unexpectedly,Light bases; high wind,Side-swipe,Possible,Moderate,9,Moderate,Unlikely,Negligible,4,Low,Signs & Devices,"['AGTTM P3', 'AGTTM P4', 'AGTTM P5', 'AGTTM P6', 'AGTTM P8', 'AGTTM P9', 'AGTTM P10', 'AS1742.3', 'SA WZTM v7.2']",Use barrier instead of cones where exposure is long.,Heavier bases; fewer but larger channelisers.,Weighted bases; double-stacked; tie-down where permitted.,Wind thresholds; inspections after gusts.,N/A,,,,
RISK-0045,Signs & Devices,Device Deployment,Incorrect sign removal order during reopen,Conflicting messages,Downstream removed first,Crashes/confusion,Possible,Moderate,9,Moderate,Unlikely,Negligible,4,Low,Signs & Devices,"['AGTTM P3', 'AGTTM P4', 'AGTTM P5', 'AGTTM P6', 'AGTTM P8', 'AGTTM P9', 'AGTTM P10', 'AS1742.3', 'SA WZTM v7.2']",Keep site closed until full removal method ready.,Use vehicle-mounted signs to streamline sequence.,Order-of-works checklist attached to sign rack.,Supervisor sign-off; buddy check.,N/A,,,,
RISK-0046,Emergency & Continuity,Crew Communications,Temporary signal battery change at night,Trip/vehicle strike during changeover,No protection; dark conditions,Injury,Possible,Moderate,9,Moderate,Unlikely,Negligible,4,Low,Emergency & Continuity,"['AGTTM P3', 'AGTTM P4', 'AGTTM P5', 'AGTTM P6', 'AGTTM P8', 'AGTTM P9', 'AGTTM P10', 'AS1742.3', 'SA WZTM v7.2']",Schedule battery swaps daytime.,Larger battery capacity / generator.,Shadow vehicle/TMA; task lighting; cones.,SOP; two-person swap; radio comms.,Hi-vis Class N.,,,,
RISK-0047,Rail/Bridge/Tunnel,Level Crossings,Tram tracks within work area,Slip or wheel entrapment,Steel rail heads; narrow work zone,Worker/pedestrian injury,Possible,Moderate,9,Moderate,Unlikely,Negligible,4,Low,Rail/Bridge/Tunnel,"['AGTTM P3', 'AGTTM P4', 'AGTTM P5', 'AGTTM P6', 'AGTTM P8', 'AGTTM P9', 'AGTTM P10', 'AS1742.3', 'SA WZTM v7.2']",Avoid working on-track; schedule with operator.,Rubber infill panels instead of open flangeway.,Non-slip mats; fencing; marshals.,Tram operator permits; lookouts.,"Hi-vis, boots.",,,,
RISK-0048,Security & Public,Public Interaction,Community noise complaints escalate to aggression,Confrontations with crew,Night noise/vibration,Injury/interference,Possible,Moderate,9,Moderate,Unlikely,Negligible,4,Low,Security & Public,"['AGTTM P3', 'AGTTM P4', 'AGTTM P5', 'AGTTM P6', 'AGTTM P8', 'AGTTM P9', 'AGTTM P10', 'AS1742.3', 'SA WZTM v7.2']",Reschedule noisy tasks earlier.,Quieter equipment/methods.,Acoustic screens; vibration isolators.,Hotline; notifications; on-site supervisor to handle complaints.,Hi-vis.,,,,
RISK-0049,Utilities & Excavation,Overhead Services,Temporary string lighting strikes plant,Low-hung festoon cables,Poor height; plant movement,Shock/entanglement,Possible,Moderate,9,Moderate,Unlikely,Negligible,4,Low,Utilities & Excavation,"['AGTTM P3', 'AGTTM P4', 'AGTTM P5', 'AGTTM P6', 'AGTTM P8', 'AGTTM P9', 'AGTTM P10', 'AS1742.3', 'SA WZTM v7.2']",Use tower lights instead of festoon where plant operates.,Battery work lights at low level.,Maintain > clearance; insulated hangers; signage.,Permit; exclusion zones; spotter.,Insulated gloves as needed.,,,,
RISK-0050,Traffic Control – Static,Static Lane Closure,Work vehicle re-entry into live traffic,Side-swipe on merge,Short acceleration space; poor gap selection,Crash,Possible,Moderate,9,Moderate,Unlikely,Negligible,4,Low,Static Lane Closure,"['AGTTM P3', 'AGTTM P4', 'AGTTM P5', 'AGTTM P6', 'AGTTM P8', 'AGTTM P9', 'AGTTM P10', 'AS1742.3', 'SA WZTM v7.2']",Staging to avoid re-entry; exit via side street.,Escort by pilot vehicle.,Merge taper; lookouts; camera assist.,Procedure for re-entry; radio with spotter.,N/A,Section 5.5 (Components of a work site); Section 5.5.1 (Sign spacing – Dimension D); Sections 5.6.1–5.6.4 (Advance warning signs & distances); Section 6.2 (Speed limits at worksites; buffer/return signs),"Part 3 – Sections 3.2, 4.2, 5.2 (static worksite design and components); Part 3 – Sections 3.7 & 5.11 (queue management and warning); Part 9 – Sample Layouts (use aligned layout)",,"General p.4 (Dimension D table); Figure 2.1.1.1 (Multi‑lane undivided, merge taper); Figure 2.1.2.1 (Multi‑lane divided, merge taper)"
